{
  "app": "python3 app.py",
  "versionReporting": false,
  "requireApproval": "never",
  "context": {
    "project": "s3-to-rds-with-glue",
    "tags": [
      { "owner": "Mystique" },
      { "github_profile": "https://github.com/miztiik" },
      { "about_me": "https://github.com/miztiik/about-me" },
      { "youtube_profile": "https://youtube.com/c/valaxytechnologies" },
      { "udemy_profile": "https://www.udemy.com/user/n-kumar" },
      {
        "skill_profile": "https://www.skillshare.com/r/profile/Kumar/407603333"
      },
      { "buy_me_a_coffee": "https://ko-fi.com/miztiik" },
      {
        "learn_aws_advanced_security": "https://www.udemy.com/course/aws-cloud-security-proactive-way"
      },
      {
        "learn_aws_cdk": "https://www.udemy.com/course/aws-cloud-development-kit-from-beginner-to-professional"
      },
      { "project": "s3-to-rds-with-glue" },
      {
        "github_repo_url": "https://github.com/miztiik/s3-to-rds-with-glue"
      }
    ]
  }
}
